{
	"partitions" : [
		{
			"name" : "Top",
			"pins" : [
				{
					"name" : "outBCDdisplay[0]",
					"strict" : false
				},
				{
					"name" : "outBCDdisplay[1]",
					"strict" : false
				},
				{
					"name" : "outBCDdisplay[2]",
					"strict" : false
				},
				{
					"name" : "outBCDdisplay[3]",
					"strict" : false
				},
				{
					"name" : "outBCDdisplay[4]",
					"strict" : false
				},
				{
					"name" : "outBCDdisplay[5]",
					"strict" : false
				},
				{
					"name" : "nRstSW",
					"strict" : false
				}
			]
		}
	]
}